subID,stimNum,stimNames
501,1,1_cave.jpeg
501,2,1_mushroom.jpeg
501,3,1_vines.jpeg
501,4,1_barn.jpeg
501,5,1_fort.jpeg
501,6,1_leaves.jpeg
501,7,1_cabin.jpeg
501,8,1_watermelon.jpeg
501,9,1_yellowTree.jpeg
501,10,1_rockPile.jpeg
501,11,1_log.jpeg
501,12,1_bridge.jpeg
504,1,1_rockPile.jpeg
504,2,1_treeDoor.jpeg
504,3,1_campfire.jpeg
504,4,1_corn.jpeg
504,5,1_leaves.jpeg
504,6,1_appleTree.jpeg
504,7,1_mossRock.jpeg
504,8,1_watermelon.jpeg
504,9,1_pumpkinCluster.jpeg
504,10,1_cabin.jpeg
504,11,1_vines.jpeg
504,12,1_birdNest.jpeg
510,1,1_well.jpeg
510,2,1_mushroom.jpeg
510,3,1_treeDoor.jpeg
510,4,1_antHill.jpeg
510,5,1_hay.jpeg
510,6,1_cherryBlossom.jpeg
510,7,1_mossRock.jpeg
510,8,1_vines.jpeg
510,9,1_leaves.jpeg
510,10,1_cabin.jpeg
510,11,1_iris.jpeg
510,12,1_yellowTree.jpeg
511,1,1_corn.jpeg
511,2,1_cabin.jpeg
511,3,1_pumpkinCluster.jpeg
511,4,1_carrots.jpeg
511,5,1_cattail.jpeg
511,6,1_yellowTree.jpeg
511,7,1_appleTree.jpeg
511,8,1_treeDoor.jpeg
511,9,1_mushroom.jpeg
511,10,1_fort.jpeg
511,11,1_bridge.jpeg
511,12,1_rockPile.jpeg
512,1,1_rockPile.jpeg
512,2,1_carrots.jpeg
512,3,1_hay.jpeg
512,4,1_windmill.jpeg
512,5,1_birdNest.jpeg
512,6,1_antHill.jpeg
512,7,1_cave.jpeg
512,8,1_iris.jpeg
512,9,1_appleTree.jpeg
512,10,1_mossRock.jpeg
512,11,1_cherryBlossom.jpeg
512,12,1_log.jpeg
513,1,1_treeDoor.jpeg
513,2,1_campfire.jpeg
513,3,1_well.jpeg
513,4,1_watermelon.jpeg
513,5,1_cattail.jpeg
513,6,1_iris.jpeg
513,7,1_leaves.jpeg
513,8,1_corn.jpeg
513,9,1_cherryBlossom.jpeg
513,10,1_mossRock.jpeg
513,11,1_hay.jpeg
513,12,1_yellowTree.jpeg
514,1,1_carrots.jpeg
514,2,1_antHill.jpeg
514,3,1_cabin.jpeg
514,4,1_log.jpeg
514,5,1_birdNest.jpeg
514,6,1_cattail.jpeg
514,7,1_mushroom.jpeg
514,8,1_treeDoor.jpeg
514,9,1_well.jpeg
514,10,1_pumpkinCluster.jpeg
514,11,1_barn.jpeg
514,12,1_appleTree.jpeg
515,1,1_cattail.jpeg
515,2,1_fort.jpeg
515,3,1_well.jpeg
515,4,1_pumpkinCluster.jpeg
515,5,1_rockPile.jpeg
515,6,1_bridge.jpeg
515,7,1_corn.jpeg
515,8,1_mossRock.jpeg
515,9,1_log.jpeg
515,10,1_antHill.jpeg
515,11,1_hay.jpeg
515,12,1_appleTree.jpeg
516,1,1_mossRock.jpeg
516,2,1_antHill.jpeg
516,3,1_cherryBlossom.jpeg
516,4,1_mushroom.jpeg
516,5,1_cattail.jpeg
516,6,1_log.jpeg
516,7,1_iris.jpeg
516,8,1_carrots.jpeg
516,9,1_fort.jpeg
516,10,1_pumpkinCluster.jpeg
516,11,1_treeDoor.jpeg
516,12,1_corn.jpeg
517,1,1_hay.jpeg
517,2,1_iris.jpeg
517,3,1_barn.jpeg
517,4,1_bridge.jpeg
517,5,1_birdNest.jpeg
517,6,1_carrots.jpeg
517,7,1_pumpkinCluster.jpeg
517,8,1_vines.jpeg
517,9,1_cave.jpeg
517,10,1_leaves.jpeg
517,11,1_cattail.jpeg
517,12,1_windmill.jpeg
518,1,1_fort.jpeg
518,2,1_antHill.jpeg
518,3,1_hay.jpeg
518,4,1_corn.jpeg
518,5,1_pumpkinCluster.jpeg
518,6,1_campfire.jpeg
518,7,1_carrots.jpeg
518,8,1_appleTree.jpeg
518,9,1_iris.jpeg
518,10,1_windmill.jpeg
518,11,1_cabin.jpeg
518,12,1_leaves.jpeg
519,1,1_iris.jpeg
519,2,1_mossRock.jpeg
519,3,1_birdNest.jpeg
519,4,1_hay.jpeg
519,5,1_campfire.jpeg
519,6,1_cabin.jpeg
519,7,1_windmill.jpeg
519,8,1_antHill.jpeg
519,9,1_corn.jpeg
519,10,1_treeDoor.jpeg
519,11,1_cattail.jpeg
519,12,1_fort.jpeg
520,1,1_iris.jpeg
520,2,1_pumpkinCluster.jpeg
520,3,1_treeDoor.jpeg
520,4,1_carrots.jpeg
520,5,1_birdNest.jpeg
520,6,1_rockPile.jpeg
520,7,1_campfire.jpeg
520,8,1_well.jpeg
520,9,1_antHill.jpeg
520,10,1_yellowTree.jpeg
520,11,1_barn.jpeg
520,12,1_mossRock.jpeg
521,1,1_hay.jpeg
521,2,1_fort.jpeg
521,3,1_treeDoor.jpeg
521,4,1_yellowTree.jpeg
521,5,1_antHill.jpeg
521,6,1_cherryBlossom.jpeg
521,7,1_vines.jpeg
521,8,1_pumpkinCluster.jpeg
521,9,1_corn.jpeg
521,10,1_log.jpeg
521,11,1_rockPile.jpeg
521,12,1_cabin.jpeg
522,1,1_antHill.jpeg
522,2,1_mushroom.jpeg
522,3,1_mossRock.jpeg
522,4,1_log.jpeg
522,5,1_iris.jpeg
522,6,1_vines.jpeg
522,7,1_cattail.jpeg
522,8,1_cabin.jpeg
522,9,1_leaves.jpeg
522,10,1_birdNest.jpeg
522,11,1_hay.jpeg
522,12,1_barn.jpeg
523,1,1_iris.jpeg
523,2,1_watermelon.jpeg
523,3,1_corn.jpeg
523,4,1_bridge.jpeg
523,5,1_birdNest.jpeg
523,6,1_cherryBlossom.jpeg
523,7,1_leaves.jpeg
523,8,1_treeDoor.jpeg
523,9,1_fort.jpeg
523,10,1_yellowTree.jpeg
523,11,1_mossRock.jpeg
523,12,1_cabin.jpeg
524,1,1_vines.jpeg
524,2,1_barn.jpeg
524,3,1_pumpkinCluster.jpeg
524,4,1_mossRock.jpeg
524,5,1_hay.jpeg
524,6,1_iris.jpeg
524,7,1_carrots.jpeg
524,8,1_rockPile.jpeg
524,9,1_cherryBlossom.jpeg
524,10,1_bridge.jpeg
524,11,1_campfire.jpeg
524,12,1_yellowTree.jpeg
525,1,1_appleTree.jpeg
525,2,1_mossRock.jpeg
525,3,1_cave.jpeg
525,4,1_well.jpeg
525,5,1_vines.jpeg
525,6,1_carrots.jpeg
525,7,1_pumpkinCluster.jpeg
525,8,1_log.jpeg
525,9,1_windmill.jpeg
525,10,1_leaves.jpeg
525,11,1_cabin.jpeg
525,12,1_mushroom.jpeg
526,1,1_cabin.jpeg
526,2,1_bridge.jpeg
526,3,1_cherryBlossom.jpeg
526,4,1_corn.jpeg
526,5,1_antHill.jpeg
526,6,1_watermelon.jpeg
526,7,1_barn.jpeg
526,8,1_log.jpeg
526,9,1_appleTree.jpeg
526,10,1_fort.jpeg
526,11,1_mossRock.jpeg
526,12,1_vines.jpeg
527,1,1_bridge.jpeg
527,2,1_campfire.jpeg
527,3,1_well.jpeg
527,4,1_cattail.jpeg
527,5,1_cabin.jpeg
527,6,1_vines.jpeg
527,7,1_pumpkinCluster.jpeg
527,8,1_windmill.jpeg
527,9,1_fort.jpeg
527,10,1_log.jpeg
527,11,1_birdNest.jpeg
527,12,1_rockPile.jpeg
528,1,1_carrots.jpeg
528,2,1_mossRock.jpeg
528,3,1_bridge.jpeg
528,4,1_appleTree.jpeg
528,5,1_windmill.jpeg
528,6,1_yellowTree.jpeg
528,7,1_campfire.jpeg
528,8,1_cabin.jpeg
528,9,1_antHill.jpeg
528,10,1_leaves.jpeg
528,11,1_hay.jpeg
528,12,1_rockPile.jpeg
529,1,1_campfire.jpeg
529,2,1_leaves.jpeg
529,3,1_well.jpeg
529,4,1_fort.jpeg
529,5,1_watermelon.jpeg
529,6,1_iris.jpeg
529,7,1_appleTree.jpeg
529,8,1_cattail.jpeg
529,9,1_cave.jpeg
529,10,1_cherryBlossom.jpeg
529,11,1_birdNest.jpeg
529,12,1_mossRock.jpeg
530,1,1_mushroom.jpeg
530,2,1_barn.jpeg
530,3,1_watermelon.jpeg
530,4,1_log.jpeg
530,5,1_corn.jpeg
530,6,1_campfire.jpeg
530,7,1_rockPile.jpeg
530,8,1_windmill.jpeg
530,9,1_cherryBlossom.jpeg
530,10,1_fort.jpeg
530,11,1_leaves.jpeg
530,12,1_iris.jpeg
531,1,1_campfire.jpeg
531,2,1_mushroom.jpeg
531,3,1_fort.jpeg
531,4,1_cattail.jpeg
531,5,1_windmill.jpeg
531,6,1_log.jpeg
531,7,1_carrots.jpeg
531,8,1_antHill.jpeg
531,9,1_mossRock.jpeg
531,10,1_cherryBlossom.jpeg
531,11,1_bridge.jpeg
531,12,1_well.jpeg
532,1,1_cave.jpeg
532,2,1_vines.jpeg
532,3,1_log.jpeg
532,4,1_windmill.jpeg
532,5,1_watermelon.jpeg
532,6,1_corn.jpeg
532,7,1_pumpkinCluster.jpeg
532,8,1_cattail.jpeg
532,9,1_barn.jpeg
532,10,1_treeDoor.jpeg
532,11,1_leaves.jpeg
532,12,1_appleTree.jpeg
533,1,1_birdNest.jpeg
533,2,1_log.jpeg
533,3,1_antHill.jpeg
533,4,1_cabin.jpeg
533,5,1_leaves.jpeg
533,6,1_well.jpeg
533,7,1_pumpkinCluster.jpeg
533,8,1_treeDoor.jpeg
533,9,1_fort.jpeg
533,10,1_mossRock.jpeg
533,11,1_windmill.jpeg
533,12,1_yellowTree.jpeg
534,1,1_pumpkinCluster.jpeg
534,2,1_fort.jpeg
534,3,1_cave.jpeg
534,4,1_campfire.jpeg
534,5,1_barn.jpeg
534,6,1_corn.jpeg
534,7,1_iris.jpeg
534,8,1_appleTree.jpeg
534,9,1_cattail.jpeg
534,10,1_watermelon.jpeg
534,11,1_mossRock.jpeg
534,12,1_yellowTree.jpeg
535,1,1_barn.jpeg
535,2,1_carrots.jpeg
535,3,1_watermelon.jpeg
535,4,1_birdNest.jpeg
535,5,1_iris.jpeg
535,6,1_leaves.jpeg
535,7,1_bridge.jpeg
535,8,1_hay.jpeg
535,9,1_windmill.jpeg
535,10,1_pumpkinCluster.jpeg
535,11,1_mushroom.jpeg
535,12,1_cherryBlossom.jpeg
536,1,1_barn.jpeg
536,2,1_campfire.jpeg
536,3,1_iris.jpeg
536,4,1_mushroom.jpeg
536,5,1_log.jpeg
536,6,1_well.jpeg
536,7,1_carrots.jpeg
536,8,1_appleTree.jpeg
536,9,1_mossRock.jpeg
536,10,1_cave.jpeg
536,11,1_watermelon.jpeg
536,12,1_corn.jpeg
537,1,1_leaves.jpeg
537,2,1_cave.jpeg
537,3,1_appleTree.jpeg
537,4,1_corn.jpeg
537,5,1_cherryBlossom.jpeg
537,6,1_antHill.jpeg
537,7,1_mushroom.jpeg
537,8,1_treeDoor.jpeg
537,9,1_bridge.jpeg
537,10,1_hay.jpeg
537,11,1_fort.jpeg
537,12,1_log.jpeg
538,1,1_fort.jpeg
538,2,1_campfire.jpeg
538,3,1_birdNest.jpeg
538,4,1_bridge.jpeg
538,5,1_cabin.jpeg
538,6,1_well.jpeg
538,7,1_watermelon.jpeg
538,8,1_corn.jpeg
538,9,1_hay.jpeg
538,10,1_leaves.jpeg
538,11,1_cattail.jpeg
538,12,1_appleTree.jpeg
539,1,1_mushroom.jpeg
539,2,1_cabin.jpeg
539,3,1_yellowTree.jpeg
539,4,1_treeDoor.jpeg
539,5,1_cattail.jpeg
539,6,1_watermelon.jpeg
539,7,1_pumpkinCluster.jpeg
539,8,1_barn.jpeg
539,9,1_well.jpeg
539,10,1_rockPile.jpeg
539,11,1_log.jpeg
539,12,1_leaves.jpeg
540,1,1_cattail.jpeg
540,2,1_fort.jpeg
540,3,1_antHill.jpeg
540,4,1_windmill.jpeg
540,5,1_cherryBlossom.jpeg
540,6,1_barn.jpeg
540,7,1_campfire.jpeg
540,8,1_birdNest.jpeg
540,9,1_carrots.jpeg
540,10,1_cave.jpeg
540,11,1_log.jpeg
540,12,1_watermelon.jpeg
541,1,1_cave.jpeg
541,2,1_vines.jpeg
541,3,1_campfire.jpeg
541,4,1_birdNest.jpeg
541,5,1_carrots.jpeg
541,6,1_yellowTree.jpeg
541,7,1_watermelon.jpeg
541,8,1_leaves.jpeg
541,9,1_cherryBlossom.jpeg
541,10,1_pumpkinCluster.jpeg
541,11,1_log.jpeg
541,12,1_antHill.jpeg
542,1,1_hay.jpeg
542,2,1_mossRock.jpeg
542,3,1_iris.jpeg
542,4,1_rockPile.jpeg
542,5,1_watermelon.jpeg
542,6,1_leaves.jpeg
542,7,1_windmill.jpeg
542,8,1_campfire.jpeg
542,9,1_carrots.jpeg
542,10,1_bridge.jpeg
542,11,1_pumpkinCluster.jpeg
542,12,1_barn.jpeg
550,1,1_treeDoor.jpeg
550,2,1_birdNest.jpeg
550,3,1_cave.jpeg
550,4,1_leaves.jpeg
550,5,1_well.jpeg
550,6,1_campfire.jpeg
550,7,1_carrots.jpeg
550,8,1_vines.jpeg
550,9,1_corn.jpeg
550,10,1_bridge.jpeg
550,11,1_pumpkinCluster.jpeg
550,12,1_windmill.jpeg
551,1,1_mushroom.jpeg
551,2,1_vines.jpeg
551,3,1_rockPile.jpeg
551,4,1_yellowTree.jpeg
551,5,1_treeDoor.jpeg
551,6,1_fort.jpeg
551,7,1_antHill.jpeg
551,8,1_iris.jpeg
551,9,1_well.jpeg
551,10,1_log.jpeg
551,11,1_corn.jpeg
551,12,1_hay.jpeg
552,1,1_hay.jpeg
552,2,1_mushroom.jpeg
552,3,1_fort.jpeg
552,4,1_yellowTree.jpeg
552,5,1_log.jpeg
552,6,1_appleTree.jpeg
552,7,1_birdNest.jpeg
552,8,1_barn.jpeg
552,9,1_mossRock.jpeg
552,10,1_treeDoor.jpeg
552,11,1_pumpkinCluster.jpeg
552,12,1_cave.jpeg
553,1,1_corn.jpeg
553,2,1_fort.jpeg
553,3,1_leaves.jpeg
553,4,1_cattail.jpeg
553,5,1_cherryBlossom.jpeg
553,6,1_barn.jpeg
553,7,1_cabin.jpeg
553,8,1_well.jpeg
553,9,1_vines.jpeg
553,10,1_birdNest.jpeg
553,11,1_watermelon.jpeg
553,12,1_rockPile.jpeg
554,1,1_leaves.jpeg
554,2,1_windmill.jpeg
554,3,1_birdNest.jpeg
554,4,1_appleTree.jpeg
554,5,1_campfire.jpeg
554,6,1_fort.jpeg
554,7,1_corn.jpeg
554,8,1_carrots.jpeg
554,9,1_rockPile.jpeg
554,10,1_antHill.jpeg
554,11,1_pumpkinCluster.jpeg
554,12,1_cabin.jpeg
555,1,1_windmill.jpeg
555,2,1_rockPile.jpeg
555,3,1_cabin.jpeg
555,4,1_campfire.jpeg
555,5,1_carrots.jpeg
555,6,1_pumpkinCluster.jpeg
555,7,1_corn.jpeg
555,8,1_mushroom.jpeg
555,9,1_watermelon.jpeg
555,10,1_treeDoor.jpeg
555,11,1_leaves.jpeg
555,12,1_cherryBlossom.jpeg
556,1,1_birdNest.jpeg
556,2,1_vines.jpeg
556,3,1_well.jpeg
556,4,1_iris.jpeg
556,5,1_leaves.jpeg
556,6,1_mushroom.jpeg
556,7,1_cattail.jpeg
556,8,1_yellowTree.jpeg
556,9,1_carrots.jpeg
556,10,1_bridge.jpeg
556,11,1_campfire.jpeg
556,12,1_watermelon.jpeg
557,1,1_appleTree.jpeg
557,2,1_cherryBlossom.jpeg
557,3,1_iris.jpeg
557,4,1_bridge.jpeg
557,5,1_barn.jpeg
557,6,1_yellowTree.jpeg
557,7,1_antHill.jpeg
557,8,1_treeDoor.jpeg
557,9,1_mossRock.jpeg
557,10,1_rockPile.jpeg
557,11,1_watermelon.jpeg
557,12,1_fort.jpeg
558,1,1_birdNest.jpeg
558,2,1_treeDoor.jpeg
558,3,1_cherryBlossom.jpeg
558,4,1_mushroom.jpeg
558,5,1_pumpkinCluster.jpeg
558,6,1_corn.jpeg
558,7,1_yellowTree.jpeg
558,8,1_cabin.jpeg
558,9,1_log.jpeg
558,10,1_watermelon.jpeg
558,11,1_leaves.jpeg
558,12,1_mossRock.jpeg
559,1,1_cave.jpeg
559,2,1_log.jpeg
559,3,1_cattail.jpeg
559,4,1_mushroom.jpeg
559,5,1_treeDoor.jpeg
559,6,1_birdNest.jpeg
559,7,1_campfire.jpeg
559,8,1_pumpkinCluster.jpeg
559,9,1_watermelon.jpeg
559,10,1_bridge.jpeg
559,11,1_windmill.jpeg
559,12,1_rockPile.jpeg
560,1,1_birdNest.jpeg
560,2,1_rockPile.jpeg
560,3,1_pumpkinCluster.jpeg
560,4,1_bridge.jpeg
560,5,1_fort.jpeg
560,6,1_corn.jpeg
560,7,1_carrots.jpeg
560,8,1_mossRock.jpeg
560,9,1_mushroom.jpeg
560,10,1_treeDoor.jpeg
560,11,1_windmill.jpeg
560,12,1_iris.jpeg
561,1,1_treeDoor.jpeg
561,2,1_birdNest.jpeg
561,3,1_carrots.jpeg
561,4,1_iris.jpeg
561,5,1_log.jpeg
561,6,1_cattail.jpeg
561,7,1_antHill.jpeg
561,8,1_cabin.jpeg
561,9,1_appleTree.jpeg
561,10,1_fort.jpeg
561,11,1_hay.jpeg
561,12,1_windmill.jpeg
562,1,1_fort.jpeg
562,2,1_leaves.jpeg
562,3,1_log.jpeg
562,4,1_bridge.jpeg
562,5,1_well.jpeg
562,6,1_corn.jpeg
562,7,1_carrots.jpeg
562,8,1_watermelon.jpeg
562,9,1_yellowTree.jpeg
562,10,1_rockPile.jpeg
562,11,1_mossRock.jpeg
562,12,1_barn.jpeg
563,1,1_pumpkinCluster.jpeg
563,2,1_fort.jpeg
563,3,1_well.jpeg
563,4,1_windmill.jpeg
563,5,1_iris.jpeg
563,6,1_treeDoor.jpeg
563,7,1_antHill.jpeg
563,8,1_barn.jpeg
563,9,1_cattail.jpeg
563,10,1_yellowTree.jpeg
563,11,1_rockPile.jpeg
563,12,1_birdNest.jpeg
564,1,1_carrots.jpeg
564,2,1_pumpkinCluster.jpeg
564,3,1_cattail.jpeg
564,4,1_vines.jpeg
564,5,1_rockPile.jpeg
564,6,1_windmill.jpeg
564,7,1_bridge.jpeg
564,8,1_mushroom.jpeg
564,9,1_mossRock.jpeg
564,10,1_yellowTree.jpeg
564,11,1_appleTree.jpeg
564,12,1_leaves.jpeg
565,1,1_cherryBlossom.jpeg
565,2,1_treeDoor.jpeg
565,3,1_birdNest.jpeg
565,4,1_vines.jpeg
565,5,1_fort.jpeg
565,6,1_leaves.jpeg
565,7,1_appleTree.jpeg
565,8,1_pumpkinCluster.jpeg
565,9,1_cave.jpeg
565,10,1_cattail.jpeg
565,11,1_log.jpeg
565,12,1_hay.jpeg
566,1,1_cattail.jpeg
566,2,1_barn.jpeg
566,3,1_yellowTree.jpeg
566,4,1_corn.jpeg
566,5,1_cave.jpeg
566,6,1_iris.jpeg
566,7,1_windmill.jpeg
566,8,1_birdNest.jpeg
566,9,1_well.jpeg
566,10,1_vines.jpeg
566,11,1_cabin.jpeg
566,12,1_appleTree.jpeg
568,1,1_bridge.jpeg
568,2,1_pumpkinCluster.jpeg
568,3,1_mossRock.jpeg
568,4,1_campfire.jpeg
568,5,1_corn.jpeg
568,6,1_barn.jpeg
568,7,1_leaves.jpeg
568,8,1_rockPile.jpeg
568,9,1_birdNest.jpeg
568,10,1_carrots.jpeg
568,11,1_cherryBlossom.jpeg
568,12,1_well.jpeg
569,1,1_well.jpeg
569,2,1_treeDoor.jpeg
569,3,1_vines.jpeg
569,4,1_campfire.jpeg
569,5,1_cherryBlossom.jpeg
569,6,1_iris.jpeg
569,7,1_mushroom.jpeg
569,8,1_cave.jpeg
569,9,1_cabin.jpeg
569,10,1_bridge.jpeg
569,11,1_appleTree.jpeg
569,12,1_log.jpeg
570,1,1_cave.jpeg
570,2,1_cabin.jpeg
570,3,1_mushroom.jpeg
570,4,1_treeDoor.jpeg
570,5,1_hay.jpeg
570,6,1_leaves.jpeg
570,7,1_watermelon.jpeg
570,8,1_bridge.jpeg
570,9,1_carrots.jpeg
570,10,1_appleTree.jpeg
570,11,1_antHill.jpeg
570,12,1_campfire.jpeg
571,1,1_antHill.jpeg
571,2,1_iris.jpeg
571,3,1_cabin.jpeg
571,4,1_corn.jpeg
571,5,1_yellowTree.jpeg
571,6,1_mossRock.jpeg
571,7,1_cave.jpeg
571,8,1_appleTree.jpeg
571,9,1_well.jpeg
571,10,1_hay.jpeg
571,11,1_leaves.jpeg
571,12,1_mushroom.jpeg
572,1,1_fort.jpeg
572,2,1_mossRock.jpeg
572,3,1_antHill.jpeg
572,4,1_rockPile.jpeg
572,5,1_well.jpeg
572,6,1_hay.jpeg
572,7,1_vines.jpeg
572,8,1_cattail.jpeg
572,9,1_barn.jpeg
572,10,1_cave.jpeg
572,11,1_cabin.jpeg
572,12,1_windmill.jpeg
573,1,1_cattail.jpeg
573,2,1_watermelon.jpeg
573,3,1_bridge.jpeg
573,4,1_corn.jpeg
573,5,1_treeDoor.jpeg
573,6,1_vines.jpeg
573,7,1_iris.jpeg
573,8,1_barn.jpeg
573,9,1_hay.jpeg
573,10,1_campfire.jpeg
573,11,1_pumpkinCluster.jpeg
573,12,1_antHill.jpeg
574,1,1_campfire.jpeg
574,2,1_birdNest.jpeg
574,3,1_treeDoor.jpeg
574,4,1_cave.jpeg
574,5,1_pumpkinCluster.jpeg
574,6,1_leaves.jpeg
574,7,1_barn.jpeg
574,8,1_windmill.jpeg
574,9,1_cattail.jpeg
574,10,1_iris.jpeg
574,11,1_cherryBlossom.jpeg
574,12,1_fort.jpeg
575,1,1_hay.jpeg
575,2,1_mushroom.jpeg
575,3,1_cattail.jpeg
575,4,1_log.jpeg
575,5,1_well.jpeg
575,6,1_campfire.jpeg
575,7,1_pumpkinCluster.jpeg
575,8,1_corn.jpeg
575,9,1_carrots.jpeg
575,10,1_antHill.jpeg
575,11,1_fort.jpeg
575,12,1_windmill.jpeg
576,1,1_vines.jpeg
576,2,1_cattail.jpeg
576,3,1_appleTree.jpeg
576,4,1_rockPile.jpeg
576,5,1_bridge.jpeg
576,6,1_cave.jpeg
576,7,1_cherryBlossom.jpeg
576,8,1_leaves.jpeg
576,9,1_windmill.jpeg
576,10,1_carrots.jpeg
576,11,1_iris.jpeg
576,12,1_antHill.jpeg
577,1,1_watermelon.jpeg
577,2,1_treeDoor.jpeg
577,3,1_corn.jpeg
577,4,1_bridge.jpeg
577,5,1_log.jpeg
577,6,1_mushroom.jpeg
577,7,1_hay.jpeg
577,8,1_pumpkinCluster.jpeg
577,9,1_campfire.jpeg
577,10,1_cherryBlossom.jpeg
577,11,1_leaves.jpeg
577,12,1_vines.jpeg
578,1,1_log.jpeg
578,2,1_appleTree.jpeg
578,3,1_corn.jpeg
578,4,1_birdNest.jpeg
578,5,1_vines.jpeg
578,6,1_campfire.jpeg
578,7,1_yellowTree.jpeg
578,8,1_carrots.jpeg
578,9,1_bridge.jpeg
578,10,1_fort.jpeg
578,11,1_rockPile.jpeg
578,12,1_well.jpeg
579,1,1_mossRock.jpeg
579,2,1_cave.jpeg
579,3,1_pumpkinCluster.jpeg
579,4,1_birdNest.jpeg
579,5,1_mushroom.jpeg
579,6,1_well.jpeg
579,7,1_campfire.jpeg
579,8,1_treeDoor.jpeg
579,9,1_cattail.jpeg
579,10,1_cherryBlossom.jpeg
579,11,1_barn.jpeg
579,12,1_log.jpeg
580,1,1_bridge.jpeg
580,2,1_antHill.jpeg
580,3,1_yellowTree.jpeg
580,4,1_carrots.jpeg
580,5,1_corn.jpeg
580,6,1_leaves.jpeg
580,7,1_pumpkinCluster.jpeg
580,8,1_log.jpeg
580,9,1_mossRock.jpeg
580,10,1_vines.jpeg
580,11,1_iris.jpeg
580,12,1_windmill.jpeg
581,1,1_appleTree.jpeg
581,2,1_corn.jpeg
581,3,1_rockPile.jpeg
581,4,1_antHill.jpeg
581,5,1_campfire.jpeg
581,6,1_cherryBlossom.jpeg
581,7,1_barn.jpeg
581,8,1_iris.jpeg
581,9,1_pumpkinCluster.jpeg
581,10,1_leaves.jpeg
581,11,1_vines.jpeg
581,12,1_bridge.jpeg
582,1,1_birdNest.jpeg
582,2,1_barn.jpeg
582,3,1_rockPile.jpeg
582,4,1_corn.jpeg
582,5,1_well.jpeg
582,6,1_mushroom.jpeg
582,7,1_watermelon.jpeg
582,8,1_antHill.jpeg
582,9,1_log.jpeg
582,10,1_fort.jpeg
582,11,1_bridge.jpeg
582,12,1_campfire.jpeg
583,1,1_birdNest.jpeg
583,2,1_rockPile.jpeg
583,3,1_antHill.jpeg
583,4,1_yellowTree.jpeg
583,5,1_cabin.jpeg
583,6,1_carrots.jpeg
583,7,1_leaves.jpeg
583,8,1_campfire.jpeg
583,9,1_cave.jpeg
583,10,1_vines.jpeg
583,11,1_iris.jpeg
583,12,1_log.jpeg
584,1,1_bridge.jpeg
584,2,1_corn.jpeg
584,3,1_windmill.jpeg
584,4,1_watermelon.jpeg
584,5,1_hay.jpeg
584,6,1_rockPile.jpeg
584,7,1_pumpkinCluster.jpeg
584,8,1_leaves.jpeg
584,9,1_cave.jpeg
584,10,1_cattail.jpeg
584,11,1_iris.jpeg
584,12,1_barn.jpeg
585,1,1_appleTree.jpeg
585,2,1_mossRock.jpeg
585,3,1_vines.jpeg
585,4,1_antHill.jpeg
585,5,1_cherryBlossom.jpeg
585,6,1_hay.jpeg
585,7,1_log.jpeg
585,8,1_corn.jpeg
585,9,1_iris.jpeg
585,10,1_watermelon.jpeg
585,11,1_yellowTree.jpeg
585,12,1_treeDoor.jpeg
586,1,1_fort.jpeg
586,2,1_pumpkinCluster.jpeg
586,3,1_leaves.jpeg
586,4,1_watermelon.jpeg
586,5,1_mossRock.jpeg
586,6,1_treeDoor.jpeg
586,7,1_well.jpeg
586,8,1_vines.jpeg
586,9,1_rockPile.jpeg
586,10,1_campfire.jpeg
586,11,1_corn.jpeg
586,12,1_windmill.jpeg
601,1,1_antHill.jpeg
601,2,1_watermelon.jpeg
601,3,1_fort.jpeg
601,4,1_vines.jpeg
601,5,1_rockPile.jpeg
601,6,1_hay.jpeg
601,7,1_cave.jpeg
601,8,1_bridge.jpeg
601,9,1_cabin.jpeg
601,10,1_barn.jpeg
601,11,1_iris.jpeg
601,12,1_treeDoor.jpeg
603,1,1_well.jpeg
603,2,1_leaves.jpeg
603,3,1_bridge.jpeg
603,4,1_yellowTree.jpeg
603,5,1_corn.jpeg
603,6,1_mossRock.jpeg
603,7,1_treeDoor.jpeg
603,8,1_campfire.jpeg
603,9,1_cabin.jpeg
603,10,1_pumpkinCluster.jpeg
603,11,1_carrots.jpeg
603,12,1_watermelon.jpeg
604,1,1_appleTree.jpeg
604,2,1_campfire.jpeg
604,3,1_carrots.jpeg
604,4,1_yellowTree.jpeg
604,5,1_log.jpeg
604,6,1_leaves.jpeg
604,7,1_cherryBlossom.jpeg
604,8,1_treeDoor.jpeg
604,9,1_rockPile.jpeg
604,10,1_birdNest.jpeg
604,11,1_windmill.jpeg
604,12,1_mossRock.jpeg
605,1,1_iris.jpeg
605,2,1_pumpkinCluster.jpeg
605,3,1_antHill.jpeg
605,4,1_cattail.jpeg
605,5,1_cherryBlossom.jpeg
605,6,1_watermelon.jpeg
605,7,1_well.jpeg
605,8,1_campfire.jpeg
605,9,1_yellowTree.jpeg
605,10,1_cave.jpeg
605,11,1_cabin.jpeg
605,12,1_rockPile.jpeg
606,1,1_fort.jpeg
606,2,1_mushroom.jpeg
606,3,1_birdNest.jpeg
606,4,1_bridge.jpeg
606,5,1_appleTree.jpeg
606,6,1_hay.jpeg
606,7,1_cabin.jpeg
606,8,1_well.jpeg
606,9,1_iris.jpeg
606,10,1_cave.jpeg
606,11,1_rockPile.jpeg
606,12,1_pumpkinCluster.jpeg
607,1,1_leaves.jpeg
607,2,1_watermelon.jpeg
607,3,1_cherryBlossom.jpeg
607,4,1_fort.jpeg
607,5,1_corn.jpeg
607,6,1_barn.jpeg
607,7,1_iris.jpeg
607,8,1_antHill.jpeg
607,9,1_log.jpeg
607,10,1_cave.jpeg
607,11,1_campfire.jpeg
607,12,1_bridge.jpeg
608,1,1_rockPile.jpeg
608,2,1_corn.jpeg
608,3,1_yellowTree.jpeg
608,4,1_iris.jpeg
608,5,1_vines.jpeg
608,6,1_mossRock.jpeg
608,7,1_mushroom.jpeg
608,8,1_fort.jpeg
608,9,1_hay.jpeg
608,10,1_treeDoor.jpeg
608,11,1_cave.jpeg
608,12,1_antHill.jpeg
609,1,1_log.jpeg
609,2,1_watermelon.jpeg
609,3,1_barn.jpeg
609,4,1_bridge.jpeg
609,5,1_fort.jpeg
609,6,1_windmill.jpeg
609,7,1_pumpkinCluster.jpeg
609,8,1_vines.jpeg
609,9,1_mossRock.jpeg
609,10,1_rockPile.jpeg
609,11,1_carrots.jpeg
609,12,1_hay.jpeg
610,1,1_pumpkinCluster.jpeg
610,2,1_hay.jpeg
610,3,1_mushroom.jpeg
610,4,1_antHill.jpeg
610,5,1_cave.jpeg
610,6,1_birdNest.jpeg
610,7,1_rockPile.jpeg
610,8,1_treeDoor.jpeg
610,9,1_well.jpeg
610,10,1_cabin.jpeg
610,11,1_log.jpeg
610,12,1_mossRock.jpeg
611,1,1_appleTree.jpeg
611,2,1_cattail.jpeg
611,3,1_windmill.jpeg
611,4,1_antHill.jpeg
611,5,1_campfire.jpeg
611,6,1_fort.jpeg
611,7,1_cherryBlossom.jpeg
611,8,1_log.jpeg
611,9,1_hay.jpeg
611,10,1_iris.jpeg
611,11,1_leaves.jpeg
611,12,1_bridge.jpeg
612,1,1_carrots.jpeg
612,2,1_hay.jpeg
612,3,1_corn.jpeg
612,4,1_bridge.jpeg
612,5,1_cave.jpeg
612,6,1_well.jpeg
612,7,1_mossRock.jpeg
612,8,1_cherryBlossom.jpeg
612,9,1_barn.jpeg
612,10,1_watermelon.jpeg
612,11,1_campfire.jpeg
612,12,1_windmill.jpeg
614,1,1_antHill.jpeg
614,2,1_cabin.jpeg
614,3,1_cattail.jpeg
614,4,1_pumpkinCluster.jpeg
614,5,1_hay.jpeg
614,6,1_log.jpeg
614,7,1_carrots.jpeg
614,8,1_well.jpeg
614,9,1_barn.jpeg
614,10,1_cave.jpeg
614,11,1_windmill.jpeg
614,12,1_treeDoor.jpeg
615,1,1_leaves.jpeg
615,2,1_cherryBlossom.jpeg
615,3,1_cabin.jpeg
615,4,1_fort.jpeg
615,5,1_log.jpeg
615,6,1_corn.jpeg
615,7,1_campfire.jpeg
615,8,1_treeDoor.jpeg
615,9,1_windmill.jpeg
615,10,1_appleTree.jpeg
615,11,1_vines.jpeg
615,12,1_well.jpeg
616,1,1_iris.jpeg
616,2,1_pumpkinCluster.jpeg
616,3,1_antHill.jpeg
616,4,1_carrots.jpeg
616,5,1_cattail.jpeg
616,6,1_well.jpeg
616,7,1_treeDoor.jpeg
616,8,1_bridge.jpeg
616,9,1_watermelon.jpeg
616,10,1_campfire.jpeg
616,11,1_fort.jpeg
616,12,1_log.jpeg
617,1,1_cave.jpeg
617,2,1_mushroom.jpeg
617,3,1_yellowTree.jpeg
617,4,1_well.jpeg
617,5,1_bridge.jpeg
617,6,1_cabin.jpeg
617,7,1_rockPile.jpeg
617,8,1_pumpkinCluster.jpeg
617,9,1_mossRock.jpeg
617,10,1_campfire.jpeg
617,11,1_watermelon.jpeg
617,12,1_log.jpeg
619,1,1_cabin.jpeg
619,2,1_cave.jpeg
619,3,1_yellowTree.jpeg
619,4,1_fort.jpeg
619,5,1_birdNest.jpeg
619,6,1_vines.jpeg
619,7,1_barn.jpeg
619,8,1_iris.jpeg
619,9,1_leaves.jpeg
619,10,1_cherryBlossom.jpeg
619,11,1_log.jpeg
619,12,1_cattail.jpeg
621,1,1_pumpkinCluster.jpeg
621,2,1_watermelon.jpeg
621,3,1_yellowTree.jpeg
621,4,1_cave.jpeg
621,5,1_fort.jpeg
621,6,1_corn.jpeg
621,7,1_carrots.jpeg
621,8,1_log.jpeg
621,9,1_cabin.jpeg
621,10,1_cherryBlossom.jpeg
621,11,1_campfire.jpeg
621,12,1_mushroom.jpeg
622,1,1_leaves.jpeg
622,2,1_cherryBlossom.jpeg
622,3,1_birdNest.jpeg
622,4,1_barn.jpeg
622,5,1_bridge.jpeg
622,6,1_yellowTree.jpeg
622,7,1_campfire.jpeg
622,8,1_cattail.jpeg
622,9,1_hay.jpeg
622,10,1_watermelon.jpeg
622,11,1_windmill.jpeg
622,12,1_vines.jpeg
625,1,1_iris.jpeg
625,2,1_bridge.jpeg
625,3,1_hay.jpeg
625,4,1_carrots.jpeg
625,5,1_leaves.jpeg
625,6,1_cabin.jpeg
625,7,1_fort.jpeg
625,8,1_corn.jpeg
625,9,1_campfire.jpeg
625,10,1_treeDoor.jpeg
625,11,1_appleTree.jpeg
625,12,1_watermelon.jpeg
626,1,1_cabin.jpeg
626,2,1_corn.jpeg
626,3,1_antHill.jpeg
626,4,1_vines.jpeg
626,5,1_windmill.jpeg
626,6,1_yellowTree.jpeg
626,7,1_appleTree.jpeg
626,8,1_birdNest.jpeg
626,9,1_mossRock.jpeg
626,10,1_hay.jpeg
626,11,1_log.jpeg
626,12,1_campfire.jpeg
629,1,1_watermelon.jpeg
629,2,1_barn.jpeg
629,3,1_yellowTree.jpeg
629,4,1_appleTree.jpeg
629,5,1_well.jpeg
629,6,1_leaves.jpeg
629,7,1_vines.jpeg
629,8,1_pumpkinCluster.jpeg
629,9,1_treeDoor.jpeg
629,10,1_fort.jpeg
629,11,1_antHill.jpeg
629,12,1_cherryBlossom.jpeg
630,1,1_corn.jpeg
630,2,1_mossRock.jpeg
630,3,1_antHill.jpeg
630,4,1_rockPile.jpeg
630,5,1_mushroom.jpeg
630,6,1_fort.jpeg
630,7,1_barn.jpeg
630,8,1_campfire.jpeg
630,9,1_appleTree.jpeg
630,10,1_leaves.jpeg
630,11,1_vines.jpeg
630,12,1_windmill.jpeg
631,1,1_log.jpeg
631,2,1_fort.jpeg
631,3,1_appleTree.jpeg
631,4,1_cattail.jpeg
631,5,1_vines.jpeg
631,6,1_yellowTree.jpeg
631,7,1_cave.jpeg
631,8,1_bridge.jpeg
631,9,1_leaves.jpeg
631,10,1_windmill.jpeg
631,11,1_carrots.jpeg
631,12,1_watermelon.jpeg
632,1,1_corn.jpeg
632,2,1_cherryBlossom.jpeg
632,3,1_well.jpeg
632,4,1_mossRock.jpeg
632,5,1_vines.jpeg
632,6,1_yellowTree.jpeg
632,7,1_mushroom.jpeg
632,8,1_barn.jpeg
632,9,1_windmill.jpeg
632,10,1_cabin.jpeg
632,11,1_carrots.jpeg
632,12,1_cattail.jpeg
633,1,1_rockPile.jpeg
633,2,1_campfire.jpeg
633,3,1_cave.jpeg
633,4,1_fort.jpeg
633,5,1_cherryBlossom.jpeg
633,6,1_well.jpeg
633,7,1_cattail.jpeg
633,8,1_birdNest.jpeg
633,9,1_treeDoor.jpeg
633,10,1_vines.jpeg
633,11,1_pumpkinCluster.jpeg
633,12,1_watermelon.jpeg
635,1,1_rockPile.jpeg
635,2,1_log.jpeg
635,3,1_watermelon.jpeg
635,4,1_corn.jpeg
635,5,1_hay.jpeg
635,6,1_treeDoor.jpeg
635,7,1_well.jpeg
635,8,1_bridge.jpeg
635,9,1_leaves.jpeg
635,10,1_birdNest.jpeg
635,11,1_carrots.jpeg
635,12,1_cattail.jpeg
636,1,1_pumpkinCluster.jpeg
636,2,1_leaves.jpeg
636,3,1_cherryBlossom.jpeg
636,4,1_log.jpeg
636,5,1_hay.jpeg
636,6,1_mossRock.jpeg
636,7,1_yellowTree.jpeg
636,8,1_campfire.jpeg
636,9,1_treeDoor.jpeg
636,10,1_mushroom.jpeg
636,11,1_cattail.jpeg
636,12,1_well.jpeg
637,1,1_log.jpeg
637,2,1_mushroom.jpeg
637,3,1_barn.jpeg
637,4,1_treeDoor.jpeg
637,5,1_cave.jpeg
637,6,1_pumpkinCluster.jpeg
637,7,1_watermelon.jpeg
637,8,1_corn.jpeg
637,9,1_vines.jpeg
637,10,1_cattail.jpeg
637,11,1_windmill.jpeg
637,12,1_birdNest.jpeg
638,1,1_corn.jpeg
638,2,1_cattail.jpeg
638,3,1_campfire.jpeg
638,4,1_carrots.jpeg
638,5,1_windmill.jpeg
638,6,1_rockPile.jpeg
638,7,1_pumpkinCluster.jpeg
638,8,1_yellowTree.jpeg
638,9,1_cabin.jpeg
638,10,1_watermelon.jpeg
638,11,1_cherryBlossom.jpeg
638,12,1_appleTree.jpeg
639,1,1_corn.jpeg
639,2,1_mushroom.jpeg
639,3,1_vines.jpeg
639,4,1_cherryBlossom.jpeg
639,5,1_cabin.jpeg
639,6,1_treeDoor.jpeg
639,7,1_hay.jpeg
639,8,1_birdNest.jpeg
639,9,1_rockPile.jpeg
639,10,1_barn.jpeg
639,11,1_watermelon.jpeg
639,12,1_iris.jpeg
640,1,1_antHill.jpeg
640,2,1_corn.jpeg
640,3,1_barn.jpeg
640,4,1_cattail.jpeg
640,5,1_carrots.jpeg
640,6,1_pumpkinCluster.jpeg
640,7,1_mossRock.jpeg
640,8,1_watermelon.jpeg
640,9,1_leaves.jpeg
640,10,1_rockPile.jpeg
640,11,1_fort.jpeg
640,12,1_treeDoor.jpeg
641,1,1_fort.jpeg
641,2,1_windmill.jpeg
641,3,1_vines.jpeg
641,4,1_iris.jpeg
641,5,1_bridge.jpeg
641,6,1_mushroom.jpeg
641,7,1_treeDoor.jpeg
641,8,1_cattail.jpeg
641,9,1_yellowTree.jpeg
641,10,1_carrots.jpeg
641,11,1_cherryBlossom.jpeg
641,12,1_corn.jpeg
642,1,1_hay.jpeg
642,2,1_bridge.jpeg
642,3,1_cherryBlossom.jpeg
642,4,1_windmill.jpeg
642,5,1_cave.jpeg
642,6,1_iris.jpeg
642,7,1_cabin.jpeg
642,8,1_fort.jpeg
642,9,1_appleTree.jpeg
642,10,1_antHill.jpeg
642,11,1_pumpkinCluster.jpeg
642,12,1_treeDoor.jpeg
643,1,1_bridge.jpeg
643,2,1_cabin.jpeg
643,3,1_rockPile.jpeg
643,4,1_birdNest.jpeg
643,5,1_windmill.jpeg
643,6,1_log.jpeg
643,7,1_iris.jpeg
643,8,1_yellowTree.jpeg
643,9,1_corn.jpeg
643,10,1_hay.jpeg
643,11,1_vines.jpeg
643,12,1_leaves.jpeg
644,1,1_appleTree.jpeg
644,2,1_antHill.jpeg
644,3,1_leaves.jpeg
644,4,1_vines.jpeg
644,5,1_carrots.jpeg
644,6,1_birdNest.jpeg
644,7,1_cherryBlossom.jpeg
644,8,1_barn.jpeg
644,9,1_bridge.jpeg
644,10,1_iris.jpeg
644,11,1_treeDoor.jpeg
644,12,1_cabin.jpeg
645,1,1_carrots.jpeg
645,2,1_yellowTree.jpeg
645,3,1_corn.jpeg
645,4,1_bridge.jpeg
645,5,1_pumpkinCluster.jpeg
645,6,1_antHill.jpeg
645,7,1_cattail.jpeg
645,8,1_iris.jpeg
645,9,1_windmill.jpeg
645,10,1_fort.jpeg
645,11,1_mushroom.jpeg
645,12,1_appleTree.jpeg
646,1,1_treeDoor.jpeg
646,2,1_rockPile.jpeg
646,3,1_birdNest.jpeg
646,4,1_vines.jpeg
646,5,1_yellowTree.jpeg
646,6,1_carrots.jpeg
646,7,1_iris.jpeg
646,8,1_appleTree.jpeg
646,9,1_watermelon.jpeg
646,10,1_barn.jpeg
646,11,1_mossRock.jpeg
646,12,1_fort.jpeg
649,1,1_well.jpeg
649,2,1_antHill.jpeg
649,3,1_fort.jpeg
649,4,1_cattail.jpeg
649,5,1_yellowTree.jpeg
649,6,1_cabin.jpeg
649,7,1_treeDoor.jpeg
649,8,1_pumpkinCluster.jpeg
649,9,1_corn.jpeg
649,10,1_cherryBlossom.jpeg
649,11,1_windmill.jpeg
649,12,1_vines.jpeg
650,1,1_rockPile.jpeg
650,2,1_antHill.jpeg
650,3,1_mossRock.jpeg
650,4,1_mushroom.jpeg
650,5,1_vines.jpeg
650,6,1_birdNest.jpeg
650,7,1_corn.jpeg
650,8,1_barn.jpeg
650,9,1_appleTree.jpeg
650,10,1_cherryBlossom.jpeg
650,11,1_log.jpeg
650,12,1_leaves.jpeg
651,1,1_leaves.jpeg
651,2,1_cattail.jpeg
651,3,1_corn.jpeg
651,4,1_carrots.jpeg
651,5,1_mossRock.jpeg
651,6,1_barn.jpeg
651,7,1_campfire.jpeg
651,8,1_cabin.jpeg
651,9,1_rockPile.jpeg
651,10,1_treeDoor.jpeg
651,11,1_cherryBlossom.jpeg
651,12,1_watermelon.jpeg
652,1,1_treeDoor.jpeg
652,2,1_hay.jpeg
652,3,1_cabin.jpeg
652,4,1_mushroom.jpeg
652,5,1_bridge.jpeg
652,6,1_leaves.jpeg
652,7,1_carrots.jpeg
652,8,1_birdNest.jpeg
652,9,1_pumpkinCluster.jpeg
652,10,1_well.jpeg
652,11,1_rockPile.jpeg
652,12,1_antHill.jpeg
653,1,1_mushroom.jpeg
653,2,1_cherryBlossom.jpeg
653,3,1_hay.jpeg
653,4,1_cave.jpeg
653,5,1_appleTree.jpeg
653,6,1_fort.jpeg
653,7,1_yellowTree.jpeg
653,8,1_corn.jpeg
653,9,1_campfire.jpeg
653,10,1_iris.jpeg
653,11,1_leaves.jpeg
653,12,1_cattail.jpeg
654,1,1_treeDoor.jpeg
654,2,1_iris.jpeg
654,3,1_bridge.jpeg
654,4,1_yellowTree.jpeg
654,5,1_appleTree.jpeg
654,6,1_watermelon.jpeg
654,7,1_log.jpeg
654,8,1_pumpkinCluster.jpeg
654,9,1_fort.jpeg
654,10,1_corn.jpeg
654,11,1_vines.jpeg
654,12,1_mossRock.jpeg
656,1,1_leaves.jpeg
656,2,1_corn.jpeg
656,3,1_antHill.jpeg
656,4,1_iris.jpeg
656,5,1_log.jpeg
656,6,1_fort.jpeg
656,7,1_hay.jpeg
656,8,1_birdNest.jpeg
656,9,1_yellowTree.jpeg
656,10,1_pumpkinCluster.jpeg
656,11,1_bridge.jpeg
656,12,1_cave.jpeg
658,1,1_yellowTree.jpeg
658,2,1_carrots.jpeg
658,3,1_iris.jpeg
658,4,1_appleTree.jpeg
658,5,1_pumpkinCluster.jpeg
658,6,1_cave.jpeg
658,7,1_cattail.jpeg
658,8,1_bridge.jpeg
658,9,1_mossRock.jpeg
658,10,1_campfire.jpeg
658,11,1_rockPile.jpeg
658,12,1_birdNest.jpeg
659,1,1_rockPile.jpeg
659,2,1_corn.jpeg
659,3,1_leaves.jpeg
659,4,1_watermelon.jpeg
659,5,1_iris.jpeg
659,6,1_cattail.jpeg
659,7,1_appleTree.jpeg
659,8,1_barn.jpeg
659,9,1_log.jpeg
659,10,1_well.jpeg
659,11,1_cave.jpeg
659,12,1_fort.jpeg
660,1,1_bridge.jpeg
660,2,1_carrots.jpeg
660,3,1_vines.jpeg
660,4,1_cherryBlossom.jpeg
660,5,1_cabin.jpeg
660,6,1_yellowTree.jpeg
660,7,1_barn.jpeg
660,8,1_treeDoor.jpeg
660,9,1_mossRock.jpeg
660,10,1_iris.jpeg
660,11,1_birdNest.jpeg
660,12,1_pumpkinCluster.jpeg
661,1,1_hay.jpeg
661,2,1_cherryBlossom.jpeg
661,3,1_vines.jpeg
661,4,1_barn.jpeg
661,5,1_antHill.jpeg
661,6,1_pumpkinCluster.jpeg
661,7,1_mushroom.jpeg
661,8,1_appleTree.jpeg
661,9,1_carrots.jpeg
661,10,1_iris.jpeg
661,11,1_well.jpeg
661,12,1_rockPile.jpeg
662,1,1_birdNest.jpeg
662,2,1_hay.jpeg
662,3,1_appleTree.jpeg
662,4,1_iris.jpeg
662,5,1_cattail.jpeg
662,6,1_yellowTree.jpeg
662,7,1_cherryBlossom.jpeg
662,8,1_leaves.jpeg
662,9,1_treeDoor.jpeg
662,10,1_corn.jpeg
662,11,1_windmill.jpeg
662,12,1_carrots.jpeg
